model_type	auc	precision	recall	f1_score	cv_auc_mean	cv_auc_std	n_features	cross_val_folds
NaiveBayes	0.6778137045687563	0.639910220094618	0.6824052249948611	0.5860545798536884	0.6501852415000623	0.01713300397309723	15	5
