chromosome	start	end	copy_number	log2_ratio	cnv_type
chr1	1000000	2000000	1	-0.4042999830671614	loss
chr2	2000000	3000000	3	0.09298081340995834	normal
chr3	3000000	4000000	1	-0.30743493492740215	loss
chr4	4000000	5000000	2	-0.9856897625498824	gain
chr5	5000000	6000000	3	0.7888267713946591	gain
