model_type	auc	precision	recall	f1_score	cv_auc_mean	cv_auc_std	n_features	cross_val_folds
RandomForest	0.8066134578284183	0.8042524078197333	0.7196515907043439	0.7822783846514378	0.7594136281666597	0.012367825719135792	15	5
