chromosome	start	end	copy_number	log2_ratio	cnv_type
chr1	1000000	2000000	2	-0.3423828816852146	normal
chr2	2000000	3000000	4	0.630760608373008	loss
chr3	3000000	4000000	1	0.6280922158112594	gain
chr4	4000000	5000000	4	-0.10709606634035107	normal
chr5	5000000	6000000	3	-0.2129198191647641	loss
