model_type	auc	precision	recall	f1_score	cv_auc_mean	cv_auc_std	n_features	cross_val_folds
XGBoost	0.9354893106051897	0.8182890165672253	0.8078683558317433	0.8296755657560444	0.891044488917685	0.013407682749176014	15	5
