chromosome	start	end	copy_number	log2_ratio	cnv_type
chr1	1000000	2000000	1	-0.702486217019259	gain
chr2	2000000	3000000	3	0.1089498294536404	normal
chr3	3000000	4000000	2	0.9293009730330795	normal
chr4	4000000	5000000	1	-0.40229615448339984	gain
chr5	5000000	6000000	3	0.8310281807247009	loss
